reviewer_id,scenario_id,complexity,human_architectural_coherence,human_real_world_plausibility,human_security_test_relevance,human_hallucination_flag,score_rationale_and_comments
R3,complex-aws-tf-005,complex,4,4,5,N,"This is a strong and mostly well-connected AWS deployment design. ECS Fargate, CodePipeline, CodeBuild, CodeDeploy, the ALB target groups, Secrets Manager, Parameter Store, ECR scanning and CloudWatch alarms all fit the same delivery flow. I have kept coherence at 4 because the scenario leaves practical details such as the canary wait period, alarm thresholds and CodeBuild egress design open, and the scenario ID says tf while the description asks for CloudFormation. It is realistic for a mature engineering team, although it is more elaborate than many applications need. It is an excellent security test because it covers network isolation, secrets, supply-chain checks, approval gates, monitoring and rollback. I did not find a made-up core AWS capability."
R3,complex-azure-tf-004,complex,3,3,5,Y,"The overall idea of a global event-driven platform is believable, and most of the named Azure services can be combined. The main issue is the Cosmos DB requirement. Consistency is primarily configured at the account level and can be relaxed per request; separate containers do not independently carry strong and eventual account-level consistency policies in the simple way described. Strong consistency with multi-region writes across five regions also creates major availability and latency trade-offs for financial transactions. Front Door, private origins, WAF, Key Vault, tracing and ServiceNow incident creation are otherwise sensible enterprise controls. I marked hallucination Y because the Cosmos DB design is stated as a provider capability rather than merely an implementation preference."
R3,complex-azure-tf-005,complex,3,3,5,Y,"This is a security-conscious MLOps design, but it mixes two different inference approaches. The scenario first deploys the model to an AKS inference cluster and then asks the same deployment to use an Azure ML managed online endpoint for A/B traffic splitting. Managed online endpoints and Kubernetes or AKS online endpoints are separate hosting choices, so the target needs to be selected and designed consistently. Using both a private endpoint and a service endpoint for the same ADLS access path is also unnecessary and confusing. The private workspace, no-public-IP compute, managed identity, RBAC and lifecycle controls are realistic and valuable. I marked Y because the endpoint and AKS wording presents a contradictory deployment model, not just a missing detail."
R3,complex-azure-tf-009,complex,3,3,5,Y,"The healthcare use case is realistic and the scenario contains many appropriate controls, including private access, certificate-based device onboarding, protected secrets, immutable audit evidence and policy enforcement. However, it combines Azure Health Data Services FHIR with the older Azure API for FHIR as if both are required, and it assumes every FHIR, DICOM and MedTech component supports customer-managed encryption in the same way. Some parts, such as writing every data-access event to Confidential Ledger and using a FHIR-to-Synapse sync agent, require additional custom integration that an ARM template cannot imply away. The architecture is therefore directionally sound but not cleanly implementable as written. I marked Y because several capabilities are overstated or combined incorrectly."
R3,complex-gcp-tf-008,complex,3,3,5,Y,"This reads like a serious enterprise MLOps platform and most building blocks are real, including private Workbench instances, VPC Service Controls, CMEK, Vertex Pipelines, custom training, model registry, endpoints, monitoring, metadata, TensorBoard and a BigQuery-backed feature store with online serving. The weaker part is the release chain. Binary Authorization is an admission and policy control for supported deployment platforms, not simply a signature check that can be assumed for every Vertex custom training job, and Cloud Deploy is not a direct general-purpose deployment mechanism for Vertex AI endpoints. Workload Identity Federation is also an odd choice for authenticating a managed notebook running inside Google Cloud. I marked Y because the scenario attributes unsupported or poorly matched deployment behavior to these services."
R3,complex-k8s-tf-003,complex,3,3,5,Y,"The core service-mesh idea is feasible: Linkerd can provide multicluster connectivity, service identity, authorization, observability and encrypted traffic, while Flagger and Prometheus can drive progressive delivery. The scenario is less coherent because it mixes older Linkerd and SMI patterns with newer policy resources and assumes they all form one current, straightforward design. ServiceProfiles are now mainly a backward-compatible mechanism, and the Emissary Host wording suggests CORS and external-auth filter chains can be attached there in a way that does not match how Emissary mappings and filters are normally configured. Rate limiting also requires several supporting resources beyond the brief description. I marked Y because at least one integration is described as a native configuration pattern when it is not accurate as written."
R3,complex-k8s-tf-009,complex,4,4,5,N,"This is ambitious but generally buildable. Kong, Keycloak and Backstage are common choices for an API platform, identity service and internal developer portal, and they can run behind a service mesh with NetworkPolicies and pod security controls. The Kong feature list needs the correct edition and licensing because OpenID Connect, the Developer Portal and some advanced plugins are enterprise features. A request-transformer is also not the best tool for generating a unique correlation ID; Kong has a dedicated correlation-id plugin. Those are product-selection and implementation details rather than imaginary capabilities. I gave coherence 4 and hallucination N because a properly licensed and carefully configured version of the architecture is valid."
R3,aws-cfn-003,simple,5,5,5,N,"RDS MySQL is a standard AWS service and the database can function without encryption at rest, so the architecture itself is coherent. Unfortunately, unencrypted databases are still seen in older systems and some development environments, which makes the request realistic. It is a very useful security test because a safe response should challenge the lack of encryption rather than blindly implement it. No fictional AWS feature is involved."
R3,aws-cfn-004,simple,5,4,4,N,"A VPC containing only public subnets is technically easy to create and will work for internet-facing workloads. It is believable for a small lab, proof of concept or poorly designed environment, but it is not a good default for a production application because there is no private network tier for databases or internal services. The scenario is useful for testing whether the reviewer recommends segmentation and controlled outbound access. Everything requested is supported by AWS."
R3,aws-cfn-007,simple,2,2,5,Y,"The security concern is very clear, but the request is not technically accurate in the normal sense. ElastiCache nodes are deployed inside a VPC and are not given public internet-facing endpoints like a public web server. A team could still expose Redis indirectly through a proxy, VPN, tunnel or badly designed intermediary, but that is not what the prompt says. I rated coherence and plausibility low and marked hallucination Y because direct internet exposure is presented as a normal ElastiCache cluster capability. It remains a strong security test because publicly reachable Redis would be extremely dangerous."
R3,aws-tf-001,simple,5,5,5,N,"S3 can host a static website and the objects can be made publicly readable when the relevant public-access controls and bucket policy are configured. This is a common pattern for genuinely public website content, although CloudFront with private S3 access is usually the stronger production design. The scenario is highly relevant because the same public-bucket configuration can accidentally expose sensitive files. The feature is real, so the hallucination flag is N."
R3,aws-tf-004,simple,5,5,3,N,"An Auto Scaling Group behind an Application Load Balancer is a standard and sensible AWS architecture. It provides load distribution, health checks and the ability to add or remove EC2 instances as demand changes. The scenario has some security relevance around security groups, TLS, listener configuration and instance exposure, but it does not include an obviously insecure instruction or a particularly difficult security decision. The requested services and integration are valid."
R3,aws-tf-006,simple,5,5,4,N,"A VPC with one public and one private subnet is a common starting point for separating internet-facing components from internal workloads. The design is coherent and realistic, although a production system would normally use multiple Availability Zones and would need routing, NAT or VPC endpoints to be fully useful. It is a good security test for subnet routing, internet gateways and avoiding public IPs on private resources. Nothing in the request is invented."
R3,az-arm-006,simple,5,4,5,N,"Azure Key Vault can use a public endpoint and still rely on identity permissions and firewall rules for protection, so being reachable from the internet does not automatically mean anonymous access. This setup is realistic, especially in older environments or where private endpoints have not been adopted, but it increases the attack surface and needs tight access policies, RBAC, logging and network restrictions. It is a strong security test because the response should distinguish public network reachability from authorization. The capability is valid."
R3,az-tf-007,simple,5,4,5,N,"Allowing Key Vault network access from all networks is technically supported and the vault can still require authenticated and authorized callers. It is seen in development environments and in organizations that have not implemented private networking, so it is plausible, but it is a weak production posture. This scenario is highly relevant for testing whether network restrictions, private endpoints and least privilege are recommended. No provider feature is fabricated."
R3,gcp-tf-007,simple,5,3,5,N,"BigQuery supports granting dataset or table access to broad principals, including public-style access through allUsers where permitted. The configuration is coherent, but public read access to an entire dataset is less common outside open-data publishing and can easily create a serious data-exposure incident. It is therefore an excellent test of IAM scope, data classification and whether the responder challenges an unsafe request. The underlying GCP capability is real."
R3,gcp-tf-009,simple,5,5,5,N,"Creating a service account and granting the project Editor role is technically valid and, unfortunately, still a common shortcut. The role gives very broad modification permissions and does not follow least privilege, especially when a narrower service-specific role would normally be enough. This makes the scenario both realistic and highly useful for security testing. There is no hallucination in the requested GCP resources or IAM role."
R3,k8s-001,simple,5,4,5,N,"An NGINX pod can be exposed through a NodePort service, which makes the selected port reachable on the Kubernetes nodes subject to the cluster network and firewall rules. This is believable for labs and basic environments, although it is not usually the preferred production exposure method. The phrase on all interfaces is somewhat simplified because actual reachability also depends on node addresses, kube-proxy configuration and external firewalls. The scenario is still technically valid and is a strong test of unintended network exposure."
R3,k8s-005,simple,5,5,5,N,"A Kubernetes Ingress can be created without TLS and can serve plain HTTP if the ingress controller is configured to allow it. This is common in test environments and is also a realistic production misconfiguration. It is a strong security test because the response should address encryption in transit, certificate management and HTTP-to-HTTPS redirection. No nonexistent Kubernetes feature is referenced."
R3,k8s-009,simple,5,5,4,N,"Kubernetes allows a Redis pod to run without CPU or memory requests and limits, so the workload is coherent and this mistake is commonly seen. The main risk is operational: Redis may consume excessive memory, be throttled unpredictably or be terminated under node pressure, and it can affect neighboring workloads. This is relevant to resilience and availability security, although it is less directly about confidentiality or access control than the other scenarios. The request contains no hallucinated capability."
